#{"t_start": 1778219048.6360757, "env_id": "None"}
r,l,t
-8.700058,86,8.188461
44.100006,138,8.343959
117.00014,204,8.53199
118.100204,206,8.53735
52.80005,142,8.774024
220.10052,306,8.850146
290.20065,372,9.060402
119.00021,206,9.184432
343.4006,426,9.226907
443.70044,514,9.502568
637.8993,712,10.074283
710.4983,770,10.240969
855.69604,913,10.695472
445.4007,516,11.045021
260.7004,346,11.127252
650.6989,713,11.209168
641.9978,716,11.385555
-7.700058,86,11.39068
147.90005,236,11.405153
-20.800056,73,11.614617
1228.5924,1276,11.769199
1060.8954,1110,11.893233
-6.5000763,86,12.058245
1330.3944,1386,12.123143
1384.1956,1432,12.270106
216.90027,306,12.588386
140.60022,232,12.813244
1323.1924,1366,13.058329
519.29956,596,13.083277
500.59955,572,13.189471
592.39996,666,13.465138
1428.9915,1473,13.697447
1937.289,1966,13.956087
231.40042,316,14.027874
2058.192,2076,14.63754
856.9969,911,15.136296
227.80035,316,15.162488
946.2954,1003,15.213346
866.6968,933,15.398775
24.199898,116,15.612008
401.9008,483,15.699262
678.59753,746,15.746569
1398.1914,1442,15.776293
28.599884,119,15.812002
-10.600067,83,16.013077
120.0002,206,16.271612
690.0,766,16.347904
936.69666,1006,16.46516
1.2999496,96,16.660517
189.30014,276,16.664526
127.50023,213,16.964996
1023.9945,1076,17.111747
115.60013,206,17.137544
2664.4143,2646,17.239894
2169.1938,2186,17.332595
3090.5144,3000,17.488064
482.10028,556,17.513855
65.500015,156,18.066012
905.59546,966,18.490167
369.2005,453,18.678958
1103.6947,1156,19.104968
206.40033,296,19.121107
452.7998,533,19.239971
1034.0963,1096,19.747653
625.0988,704,19.954426
168.60025,256,19.968998
345.7002,436,20.000844
938.6957,996,20.079301
1219.4923,1262,20.0853
2218.8047,2231,20.124906
1012.69604,1076,20.309403
2278.697,2296,20.517261
362.5006,446,20.559356
128.50037,216,20.734092
266.70047,352,21.045727
319.6004,406,21.400539
911.1948,966,21.889186
492.89984,574,21.947325
569.6997,646,22.055682
200.10034,286,22.408515
45.30005,139,22.438641
128.10007,216,22.636318
1054.3943,1106,22.852627
1692.0892,1726,22.924888
674.29755,743,22.971225
1759.9893,1796,22.978246
82.80002,176,23.526714
809.3965,876,23.611117
429.9001,516,23.703013
931.8972,996,23.807502
193.50037,282,23.860581
822.59717,886,23.949583
1289.3921,1336,24.049442
2839.1135,2836,24.142437
160.30054,242,24.476359
423.4005,503,24.644106
104.50023,194,24.704056
1281.4933,1332,24.742139
194.50055,276,24.807152
347.70056,431,25.019974
580.2994,656,25.053558
690.1993,763,25.151147
123.40022,211,25.171662
120.30032,206,25.312882
2391.0022,2412,25.353008
95.50011,186,25.440349
1699.0902,1732,25.759664
77.20004,166,25.906122
526.89905,612,26.863281
831.5978,901,27.256586
964.6969,1031,27.327238
78.00006,166,27.457792
442.40057,520,27.746853
74.700134,162,27.856691
678.6985,751,27.856691
1615.4918,1652,28.122605
-22.800056,72,28.162584
194.7002,286,28.416952
773.8992,846,28.497663
839.2966,896,28.589325
1296.8925,1342,28.669258
33.199966,126,28.916686
832.1963,896,28.975466
291.80045,376,29.12256
1215.4933,1256,29.149355
208.60052,293,29.176299
230.90042,313,29.491858
552.6998,626,29.726147
1275.1924,1323,29.739499
-8.200058,86,29.805916
444.40045,516,30.463066
1566.29,1603,30.855003
493.30054,572,31.079929
1623.49,1656,31.144293
1978.3894,1996,31.346574
672.99817,743,31.379447
522.79956,593,31.970275
737.6989,806,32.575426
301.60046,386,32.618596
3105.731,3000,32.910618
416.8006,496,33.066481
314.10065,392,33.326718
121.000275,206,33.406686
868.1952,926,33.729884
767.1975,826,33.956604
144.60027,233,34.129041
398.3011,476,34.286927
96.90021,186,34.334909
1868.0898,1904,34.593671
1534.0912,1566,34.631593
406.7008,486,34.74237
34.19995,126,34.759285
74.6001,166,34.845443
1891.5891,1926,34.913035
211.20004,303,34.988166
203.40039,286,35.11308
94.40016,182,35.393724
1648.089,1682,35.680751
45.89998,136,36.159669
932.9968,996,36.434983
485.30017,563,36.611295
469.6004,546,36.787943
118.40019,206,36.87778
449.60065,516,36.940291
482.80023,556,36.95022
637.7978,706,37.153761
2314.1963,2316,37.366844
662.499,736,37.378844
136.6003,226,37.41136
104.10005,194,37.476963
1924.4889,1966,37.711977
1196.492,1236,37.717978
1973.4895,2000,38.081748
169.00021,256,38.192598
2743.4111,2746,38.696424
1176.8944,1226,39.042145
401.80066,486,39.207165
3119.0317,3000,39.290842
822.1971,886,39.839807
146.50005,236,39.84381
710.09827,782,39.979614
872.1974,936,40.178754
-7.5000687,86,40.254066
52.800003,146,40.318927
774.0971,846,40.424173
-8.700073,84,40.622871
1530.7903,1563,40.646664
239.3003,326,41.366912
1159.1931,1203,41.407989
160.10025,246,41.512478
26.499947,121,41.890322
410.60046,496,41.981676
1131.0945,1186,42.008184
1706.5881,1742,42.221097
648.6986,716,42.255916
1244.5945,1306,42.483953
269.60013,361,42.521993
1581.9904,1613,42.645433
192.10043,276,42.728275
1919.9878,1946,43.331336
434.101,504,43.597611
339.2006,424,43.913826
425.00043,503,44.246681
1088.9934,1143,44.281991
52.900024,146,44.439445
694.59845,766,44.565586
1745.2882,1780,44.677889
301.5003,386,44.719482
963.79675,1023,44.765241
1648.3884,1671,44.975337
106.000046,196,44.979336
669.997,736,45.31414
161.4003,248,45.437186
2624.3213,2632,45.668903
596.3998,666,45.897068
387.30093,466,46.480365
580.09827,646,46.561989
519.89984,591,46.676968
1309.991,1346,46.691006
368.50085,446,46.701031
590.3999,663,46.825934
603.49927,670,47.131016
2357.1091,2369,47.143078
94.50014,186,47.168619
51.00003,143,47.186406
482.69904,566,47.528869
132.1001,223,47.629179
265.3006,346,47.664199
978.296,1034,47.719043
0.69996643,96,47.873788
96.30011,186,48.33299
447.6999,529,48.476972
464.20026,534,48.908929
1126.2946,1176,49.769854
581.9991,656,50.01011
2329.0088,2336,50.04749
954.09436,1016,50.090002
2247.495,2254,50.222646
520.10046,596,50.314022
362.00067,446,50.490799
3117.5283,3000,50.737432
75.800064,166,50.931322
678.0987,753,51.091192
253.80063,336,51.242634
2.3999329,96,51.428828
321.30066,406,51.566449
1372.8922,1416,52.054363
2007.3894,2026,52.304605
476.1001,543,52.44791
169.80048,256,52.473392
1515.3883,1546,52.536778
820.7965,886,52.97149
606.69934,683,53.233694
1581.8911,1626,53.324071
888.3944,943,53.505039
2637.3137,2656,53.867018
306.6005,393,53.912227
998.1937,1040,54.029795
477.2995,556,54.099831
860.19507,916,54.295792
20.899918,113,54.353134
418.40082,496,54.419515
20.699951,116,54.550904
258.30026,346,54.779937
179.00037,264,55.004873
54.600067,146,55.059708
146.40038,232,55.23748
107.50018,194,55.450885
1106.5944,1166,55.486909
770.49695,836,55.551325
102.30011,192,55.716916
695.8979,762,55.742367
2409.7014,2416,56.177609
473.19946,556,56.301542
160.90039,248,56.311542
-7.300064,86,56.481952
919.5956,986,56.793073
444.29974,526,56.883496
227.4003,316,56.898908
1261.991,1304,57.082261
212.6005,296,57.445659
818.4969,883,57.48964
160.60046,246,57.819099
3106.721,3000,57.844325
1170.2948,1223,58.315358
1466.2922,1514,58.76436
447.80066,526,58.769722
404.1009,484,58.772721
613.29834,686,59.259853
2186.7007,2196,59.393489
419.20032,506,59.612783
284.1005,366,59.632568
261.60052,343,60.012835
1233.1935,1283,60.089406
63.60013,157,60.12864
344.80093,423,60.264396
746.59796,816,60.335544
1409.9916,1456,60.400474
118.40021,206,61.047019
1589.7913,1626,61.287198
488.60004,564,61.494545
1622.3899,1656,61.561982
467.00037,546,61.868659
837.49805,903,61.908483
172.90005,266,61.969847
-26.100044,69,62.116541
1262.1934,1312,62.388204
848.8966,906,62.40081
39.09996,132,62.577124
887.7982,961,62.706804
57.200043,146,62.9014
1836.6881,1866,62.9014
356.50076,436,63.110656
-21.000053,73,63.159087
771.3964,836,63.165087
112.80028,202,63.274876
869.39746,936,63.31711
76.80017,166,63.494476
967.19763,1039,63.744165
90.90016,182,87.387493
2127.9966,2144,87.464969
159.60004,253,88.175771
421.70074,496,88.22493
453.60052,526,88.272255
905.197,966,88.575288
1062.1934,1107,88.695147
588.7991,656,89.100781
1561.6913,1602,89.308976
248.1004,336,89.36806
195.30026,286,89.567996
372.50052,454,89.696097
873.29895,941,89.826581
1506.589,1536,89.919944
485.60046,563,90.161847
1363.2931,1406,90.547318
1264.0951,1317,90.55997
304.3007,386,90.66938
265.90042,351,90.919434
3136.8293,3000,91.198496
702.09924,773,91.781114
82.60008,174,91.8236
342.10068,422,92.096671
642.29755,713,92.096671
49.700043,142,92.328412
347.1006,426,92.45305
63.100067,154,92.629363
164.50009,256,92.682899
588.19934,662,93.054603
849.0989,916,93.09921
1070.5944,1123,93.266355
387.10095,466,93.804141
70.69998,163,94.506373
424.50037,506,94.684169
347.5004,432,94.83321
1656.0906,1696,94.893326
386.50073,466,94.929844
127.70033,216,95.360374
541.99866,616,95.696908
3097.5146,3000,96.099323
1724.789,1753,96.727178
3099.921,3000,97.374742
2937.0266,2916,97.665231
32.699936,124,97.834515
1373.5923,1416,97.989314
1479.3927,1527,98.183796
3094.218,3000,98.233895
4.2999115,96,98.301093
472.20044,553,98.643132
1257.1956,1316,99.374372
1278.8942,1326,99.527029
1164.6937,1216,100.029322
42.399994,133,105.608921
1203.0939,1253,105.65062
1575.1884,1602,105.759775
2800.52,2796,105.852545
-7.8000717,86,105.877751
3116.0322,3000,105.93489
1710.5876,1736,106.150881
1668.09,1702,106.452664
94.500046,186,106.487315
914.3961,976,106.67394
148.70012,236,106.701197
270.70035,356,106.87776
220.80038,306,107.616399
1383.1943,1440,107.965899
871.9953,929,108.001299
3100.5234,3000,108.354774
303.7005,386,109.028744
204.20013,292,109.070796
877.09686,936,109.127317
42.60002,136,109.544239
1425.1892,1462,109.750285
1973.9863,1993,109.778738
129.40038,216,109.792174
321.10028,406,109.820725
848.3965,906,109.982883
1932.5876,1960,110.283401
1103.4952,1156,110.336075
2029.1921,2061,110.702765
1034.9949,1096,110.79934
211.30042,296,111.274782
160.10046,246,111.51763
1458.9911,1504,111.654204
812.1967,880,111.942608
678.4971,744,112.101012
686.598,756,112.104013
73.70012,163,112.413713
905.5956,966,112.555613
866.3964,926,112.700076
1766.9901,1806,112.747932
901.49695,956,112.772085
1429.2911,1463,112.787895
860.3981,926,113.192965
2137.897,2146,113.229395
3120.4233,3000,114.020394
852.4962,916,114.267921
453.0008,523,114.299615
346.10062,431,114.321607
327.9009,403,114.642776
1276.7959,1334,115.035154
1648.1913,1686,115.48537
1196.7926,1246,115.616442
411.5007,494,115.666037
207.8002,296,116.582969
1492.29,1536,116.73498
1377.3926,1426,116.910927
1243.8932,1286,117.181528
1325.1925,1373,117.284185
204.0004,286,117.651671
134.90009,226,117.761889
97.30014,186,117.975559
1654.3895,1686,118.591725
818.7974,883,118.820266
1004.796,1064,119.235429
508.89917,592,119.3305
699.0992,766,119.511259
-7.90007,86,119.523027
1519.089,1556,119.665411
176.10052,259,119.701126
455.8999,531,119.847387
2156.9924,2176,120.340192
96.20004,186,120.363842
2435.008,2423,120.505067
1698.6896,1726,120.609813
333.80038,416,120.780876
567.4992,633,120.792982
288.90063,372,120.942116
879.39667,946,120.963907
304.1007,386,121.16015
175.10028,266,121.599819
2129.791,2140,121.621616
2167.598,2183,121.70221
736.29755,804,122.127964
126.60019,216,122.275239
327.80072,406,122.411984
454.7002,532,122.611774
468.60022,536,122.653311
763.09735,822,123.049748
3124.433,3000,123.503789
335.0008,412,123.913598
-18.500061,76,124.204378
125.80037,213,124.294148
2712.7148,2706,124.337079
35.799927,127,124.707519
823.5968,883,124.846738
2044.5935,2076,124.979202
14.39991,106,125.220387
808.8972,876,125.320814
1364.1902,1406,125.341925
1031.8955,1081,126.865368
1498.7921,1546,126.955886
1352.9924,1406,127.258126
29.899948,123,127.396068
2476.705,2483,128.054344
1500.0918,1543,128.076251
747.1982,816,128.120846
147.80022,236,128.227862
186.70053,266,129.074741
1802.6886,1832,129.174197
1098.5942,1156,129.32788
629.59924,696,129.729719
7.199936,101,130.09822
1632.6929,1682,130.209204
1486.1946,1536,130.333645
917.99664,976,130.336944
1716.5889,1746,130.469167
2886.5222,2856,130.66363
3110.1362,3000,130.708845
3097.1196,3000,130.945346
38.799988,132,131.137549
796.4961,856,131.216255
948.69727,1016,131.701603
1890.5868,1913,131.951127
171.80035,256,132.158612
553.4996,626,132.61463
993.89575,1056,133.136512
726.9982,802,133.370727
66.20006,156,133.66137
900.6964,962,133.774055
58.30005,146,133.877251
2580.004,2603,133.888136
-28.600044,66,134.179155
1380.3909,1426,134.248457
1725.4894,1763,134.454345
7.699936,101,134.561738
87.30014,176,134.58472
1486.4932,1533,134.743479
273.20068,353,135.015475
1321.1951,1381,135.240348
216.80017,306,135.355762
244.20044,326,135.928677
407.10074,486,136.34646
517.2993,596,136.64539
1599.6904,1636,137.29688
161.60034,246,137.527094
1642.0878,1671,137.840434
52.100006,143,138.036288
1599.39,1636,138.597649
970.095,1022,138.766259
246.90018,336,139.098666
728.4981,793,139.263899
1988.4924,2016,139.507971
1201.7941,1251,139.749915
66.20006,156,139.756233
2432.9097,2443,139.859974
1215.2943,1276,139.941826
50.600006,142,140.205705
2271.4072,2301,140.225509
371.30072,451,140.249412
3097.8198,3000,140.800401
320.40057,406,141.041071
15.499924,108,141.188161
613.49896,686,141.327792
340.1004,426,141.33079
3119.7246,3000,141.403141
380.30106,458,141.781697
166.70026,256,141.947267
1716.1873,1732,141.954317
534.19965,606,142.263929
197.5004,286,142.31077
782.8982,856,142.328422
693.9983,762,142.695488
420.30096,493,142.796119
262.30045,346,143.000802
261.40054,346,143.362434
293.30093,372,143.423479
2854.5117,2846,143.627722
2717.01,2726,143.850999
279.60043,366,143.90654
450.89966,536,144.432135
757.0973,826,144.616045
38.40001,132,144.898201
1534.3934,1586,145.052162
2099.296,2112,145.078673
57.300064,146,145.491744
1110.6946,1163,145.524824
423.99988,516,145.655221
775.2967,836,145.741018
723.09814,786,145.933328
79.70015,171,146.044326
308.6009,386,146.256852
345.3006,428,146.973389
3112.2224,3000,147.156498
-13.1000595,81,147.228527
846.9966,912,147.766678
586.59875,656,148.048913
227.20062,314,148.309538
3114.531,3000,148.373558
63.900055,153,148.556209
2306.6985,2316,148.824469
305.50043,393,172.716404
2663.7131,2650,172.963024
510.2989,586,173.346631
1009.29614,1076,173.541431
1903.3859,1922,173.620987
2326.0022,2336,173.789851
1505.79,1543,173.998202
3118.0227,3000,174.548225
666.8979,737,174.656965
244.3002,333,174.917515
2179.4956,2186,175.08166
2049.8906,2066,175.248014
880.99756,953,175.510669
1631.9862,1656,175.60245
174.90039,264,175.643874
3090.316,3000,175.801039
3115.23,3000,176.004501
844.0972,920,176.048952
1651.4884,1676,176.08801
1650.6896,1683,176.570963
1127.2942,1183,176.904384
61.10002,156,177.022299
1131.3937,1176,177.069379
356.2005,442,177.286451
910.3978,976,177.293286
3098.2158,3000,177.613801
102.400055,196,177.62723
10.699966,106,177.903495
135.9003,222,178.562914
372.90057,456,178.579314
960.89575,1027,179.042886
1274.0941,1324,179.073865
589.5995,666,179.655705
1828.4877,1856,180.024399
516.9999,593,180.375932
1544.8909,1586,180.43282
3115.6152,3000,181.909805
1001.6957,1064,182.195904
550.4997,616,182.261757
861.1955,916,182.311868
2369.6035,2386,182.637223
1902.5891,1933,182.720253
2503.9053,2506,182.915282
21.89994,116,182.943799
0.9999161,93,183.200469
2081.1895,2091,183.395033
2599.7102,2590,183.623763
3107.6182,3000,183.738116
3110.4185,3000,184.179691
1755.6906,1796,184.283848
2557.003,2556,184.357742
269.40015,362,184.748379
243.20065,326,184.766059
798.3965,866,184.810292
75.09999,166,184.883795
168.70044,256,185.513184
753.99677,806,185.773661
1829.5902,1862,185.808915
405.10083,483,186.295156
403.30084,484,186.937838
2866.3179,2853,186.976219
1594.8898,1633,187.016813
461.90002,536,187.34167
1037.4944,1092,187.529335
128.50017,220,187.664906
1756.2874,1783,188.179548
317.80048,403,188.198778
2815.9126,2816,188.290695
1898.4872,1923,188.369625
495.89948,576,188.659746
1339.1909,1381,188.881302
91.20012,183,189.16003
670.69727,744,189.703679
507.29956,584,189.81565
1938.9861,1953,189.94434
1480.391,1523,190.269635
2887.225,2864,190.545322
3123.6218,3000,190.675458
2014.3921,2046,190.710074
2656.922,2644,190.970596
359.50082,436,191.010799
802.79663,864,191.440407
1712.5894,1743,191.457769
747.2976,816,191.581828
1052.6943,1106,191.603915
1196.7949,1263,191.858486
496.90015,576,191.968383
379.50076,462,192.729488
1917.4899,1956,226.628195
665.3989,744,226.79654
2325.1023,2333,227.352312
1167.8915,1203,227.424762
751.9963,814,227.519454
1129.9927,1183,227.631946
992.19775,1056,227.816628
9.89991,103,228.091064
2297.5923,2316,228.158282
1220.3937,1272,228.423011
291.6006,373,228.502048
1648.787,1663,228.583698
865.69653,934,228.617782
592.6991,666,228.672364
154.90013,246,229.256705
162.40033,246,229.35495
975.49365,1026,229.491762
347.0009,422,229.790412
699.7975,769,229.796374
817.8967,883,229.853176
468.10022,546,230.025094
10.099976,106,230.097116
2204.0947,2226,230.292387
970.59595,1036,231.183586
223.60013,312,231.356467
730.99725,796,231.723273
3110.026,3000,231.85482
3098.5244,3000,231.988324
602.99896,673,232.125461
2414.9998,2416,232.130903
-7.600075,86,232.223285
758.69946,828,232.339319
1655.5894,1686,232.484823
848.7962,913,232.65435
3108.5203,3000,232.978393
493.89917,564,233.585802
1279.9944,1336,233.624966
345.50064,426,233.890808
1427.1936,1476,233.933322
455.80017,533,233.942778
702.9984,773,234.124349
135.90033,220,234.358615
2047.7903,2066,234.486384
532.2992,604,234.625366
1090.7954,1153,234.766799
53.800003,146,235.02348
464.19983,543,235.239754
399.8008,476,235.80475
591.9982,663,235.845365
408.1008,483,236.104781
636.0986,716,236.167901
1457.292,1503,236.671011
-12.6000595,81,236.892933
3114.9219,3000,237.354949
2040.292,2060,237.462649
1105.196,1166,237.684409
17.79995,113,237.834296
91.10007,182,237.936203
2613.5078,2622,238.044165
1672.892,1714,238.10739
-8.300064,86,238.353946
458.60022,536,238.476079
260.80057,346,238.706684
955.1942,1006,238.745757
2237.999,2244,238.811393
2183.095,2202,238.901378
946.29443,1006,239.032887
1710.3877,1729,240.232585
347.7005,434,240.299129
1384.092,1436,240.350574
1627.3888,1663,240.705822
2392.6094,2416,241.008204
864.39526,926,241.086978
1023.6947,1082,241.244046
327.70074,406,241.505961
871.6958,924,241.667838
2764.6091,2776,242.025876
1420.4923,1466,242.219817
1263.0913,1303,242.614862
608.0992,682,242.753356
2642.811,2656,242.793858
1322.5911,1356,242.830393
548.8999,612,243.497312
1769.4899,1796,243.840848
272.0004,356,243.921064
821.9976,889,243.924064
879.297,942,243.940375
1159.1942,1214,244.007321
1045.3965,1114,244.404684
45.200043,140,244.833471
1065.6952,1123,244.921229
684.5979,749,245.178897
122.500275,213,245.501967
119.30011,211,245.573168
920.0986,986,245.658
633.5982,704,246.09522
109.90015,202,246.112221
664.6,746,246.144547
643.5985,711,246.20302
2826.6255,2806,246.283067
326.20053,413,246.44173
-20.800056,73,246.497509
67.10002,156,246.58142
154.40012,244,246.997617
1676.7893,1706,247.360437
2246.4956,2263,247.377858
2858.3213,2853,247.440588
716.0966,786,248.131991
498.1994,572,248.305313
355.6005,443,248.352606
1426.9911,1466,248.48205
724.5978,796,248.556562
1622.791,1661,248.643815
230.70044,314,249.342725
248.60056,334,249.585613
84.70003,176,249.91522
1153.9939,1213,250.140684
1517.4908,1552,250.334894
588.29944,666,250.592505
1394.6935,1444,250.9824
3104.9285,3000,251.404032
2898.3147,2894,251.590877
3130.836,3000,252.961728
1553.5872,1573,252.965727
2258.694,2276,277.424504
1428.6919,1463,277.595375
1317.2925,1366,277.667428
2340.304,2356,277.71704
2105.3936,2123,277.725045
933.59546,986,277.825474
94.50008,183,278.113361
136.50034,224,278.358027
644.9987,716,278.422347
3119.0261,3000,278.429806
2284.9065,2316,278.448198
1640.5883,1663,279.120182
3129.5269,3000,279.467134
471.8999,554,279.651392
2125.293,2136,280.033658
2453.0044,2453,280.542503
975.19617,1032,280.601186
1200.1947,1256,281.308538
673.598,743,281.530349
3122.6218,3000,281.603093
82.9001,172,282.01379
753.99854,823,282.328629
416.80127,488,282.686817
748.9977,814,282.807623
3128.825,3000,283.265002
1703.8915,1736,283.283926
1997.5889,2016,283.294076
2163.7917,2166,283.484925
1395.9929,1446,283.688913
309.30072,393,283.975306
643.8996,716,284.941309
3126.3286,3000,285.043514
699.69775,763,285.881376
2694.6104,2686,286.177149
927.29663,990,286.294404
2523.9119,2526,286.439835
3114.628,3000,286.985482
3112.4216,3000,287.063685
1632.9905,1666,287.311111
0.39993286,94,287.62373
293.40057,373,288.170227
1219.8953,1276,288.66521
3102.6218,3000,289.3928
2146.594,2158,289.707404
862.996,926,289.788918
3114.622,3000,290.52861
3115.8225,3000,290.932794
2650.5127,2656,291.63839
979.694,1042,291.705514
198.6004,282,291.724216
476.2005,553,292.057364
3109.4272,3000,292.193183
-10.000069,83,292.284923
1657.1904,1703,292.570318
1563.4934,1606,292.8503
3116.328,3000,292.9066
387.10086,466,293.111278
3119.8208,3000,293.793042
253.90042,336,293.867206
484.50012,562,293.874544
-19.700058,74,293.997692
447.20044,523,294.331697
928.29553,983,294.554413
3118.7227,3000,294.606121
2919.8213,2914,294.786839
274.2006,356,294.863634
3107.6235,3000,294.923106
3124.2192,3000,295.217565
548.59875,614,296.583521
1512.9894,1553,297.549187
978.8959,1038,297.578483
2984.3289,2968,298.02002
3116.2246,3000,298.503026
3104.5222,3000,298.596529
2220.9915,2236,299.180256
1773.9852,1791,299.304597
2622.1108,2624,299.38659
501.89966,576,299.393491
524.99963,592,299.888325
517.9993,596,301.067948
3119.1274,3000,301.108867
2407.8052,2416,302.01821
2951.7178,2946,302.589363
1105.194,1153,302.598849
-28.600044,66,302.810214
3121.3254,3000,303.238188
1869.5854,1892,303.244188
2750.7207,2736,303.345098
2253.1016,2263,303.358215
3102.126,3000,303.53161
1668.4918,1712,303.65514
1441.3907,1482,303.764517
3118.1343,3000,303.857051
223.60071,303,304.119353
1785.8889,1813,304.746668
198.00043,286,304.799791
2078.6921,2084,304.915589
397.50076,476,305.289429
596.1988,676,305.52242
561.79913,636,305.696321
79.700195,172,306.017834
791.497,853,306.022798
270.00046,356,306.370867
46.300003,136,306.435858
871.79803,946,306.499784
1327.8939,1372,306.784943
260.2002,350,307.015916
174.1001,264,307.100099
-17.800056,76,307.346369
2543.2017,2563,307.619065
1035.5945,1086,308.01835
2771.1157,2756,318.782304
1559.791,1604,318.977369
956.4955,1016,319.062342
1138.6943,1196,319.211054
3121.5303,3000,319.386539
863.9972,932,319.583648
1349.5906,1384,319.773585
2562.6106,2566,320.210356
3119.3267,3000,320.33672
3111.221,3000,321.052954
308.60068,393,321.356113
2243.9011,2256,321.545297
3110.7236,3000,322.265095
3123.0405,3000,322.787144
1085.8942,1136,322.802395
2203.295,2216,323.009559
1080.6937,1136,323.018905
535.8999,616,323.047691
2496.6104,2492,323.555358
2290.7988,2286,323.927896
421.90082,496,324.530135
1929.7871,1951,324.570063
1468.3885,1503,324.629223
219.7005,303,325.426844
35.39995,126,325.774683
1019.395,1080,326.131434
40.59999,132,326.207693
540.4005,616,326.272099
1434.9952,1483,326.606119
799.79803,866,327.110749
1387.992,1436,327.234835
3126.935,3000,327.420743
389.70062,474,327.727655
3118.62,3000,327.751177
3131.329,3000,327.89256
2420.805,2433,328.03097
3123.8262,3000,328.061507
2341.398,2334,328.254387
1536.488,1566,328.409599
640.39825,714,328.618428
1903.2847,1924,329.042414
295.9005,383,329.052673
2205.7966,2211,329.217172
402.50055,484,329.427198
559.99866,626,329.672948
440.2008,513,329.755786
985.6953,1043,330.119196
1390.0913,1426,330.318047
251.50064,336,330.617812
1498.2909,1534,330.665075
762.8975,823,330.977799
902.1972,966,331.135595
2972.8196,2956,331.306946
-10.5000305,86,331.365858
1382.1915,1424,331.399159
539.9995,614,331.41516
760.397,826,331.537009
1613.3892,1652,331.840924
960.79517,1020,332.286923
867.59534,926,332.709444
92.900055,186,332.886138
1094.2955,1146,356.769918
1807.485,1826,356.805001
1481.3894,1516,358.086658
1903.8861,1916,358.446786
3134.1294,3000,358.607607
3115.5261,3000,358.625739
1697.9869,1724,359.172256
3106.8252,3000,359.922142
463.00024,546,360.077102
2699.2214,2694,360.568521
3101.3179,3000,361.028241
364.2012,438,361.085926
679.598,746,361.159358
1655.3857,1676,361.266158
2527.9062,2526,362.049711
3113.627,3000,362.117014
3120.73,3000,362.147385
3121.521,3000,362.16373
3115.6194,3000,362.294235
889.297,956,362.676959
141.10019,233,362.818726
542.99945,613,362.955255
3115.0225,3000,363.528698
2171.9966,2186,364.118299
3110.0273,3000,365.172397
74.7001,162,365.665863
1525.3905,1566,365.807523
1091.7953,1144,366.309865
3118.3228,3000,367.036493
3109.417,3000,367.229338
2121.7952,2136,367.386358
1531.8867,1556,367.444107
308.40063,389,367.535103
2215.5955,2236,367.749514
-0.20008087,93,367.989715
319.0004,406,368.49455
3112.427,3000,369.230658
616.79865,686,370.481853
3118.5264,3000,370.896724
3101.4163,3000,370.961184
3110.2253,3000,370.9951
3116.831,3000,371.130797
1121.9956,1176,371.298871
42.199966,133,371.656784
3127.5266,3000,371.774903
3126.0227,3000,372.306297
442.19983,526,372.357663
504.2998,573,372.530184
2021.8884,2036,372.794798
3108.0183,3000,372.851327
1921.2875,1953,373.02859
361.50085,438,373.037865
1334.4915,1373,373.219562
320.4006,406,373.833145
870.99634,931,373.848511
279.30032,366,374.013733
2459.801,2446,374.254088
3105.019,3000,374.323605
308.10077,386,374.389777
3121.4302,3000,374.478284
594.0981,662,374.773183
684.7973,746,375.177925
1005.2954,1064,375.467677
-18.400063,76,375.681603
931.99634,1001,375.891694
3129.0278,3000,375.942781
45.0999,136,376.118136
675.1992,746,376.571772
2137.2957,2146,376.604746
176.60019,266,376.701066
256.70032,346,376.96485
303.2004,386,377.211774
291.9005,376,377.737413
314.00058,396,377.903337
2610.1099,2616,378.460247
1209.2917,1253,378.842303
1571.0892,1606,378.854579
645.39923,724,379.295693
796.4981,864,379.441602
3116.3252,3000,380.234248
3114.2214,3000,380.89414
2396.3052,2402,381.044663
-21.900055,72,381.08624
1136.0958,1196,381.139454
440.30066,514,381.637074
800.29645,863,381.806997
304.10034,393,382.271818
3105.5298,3000,382.332523
3109.7112,3000,382.350181
3131.629,3000,382.518423
383.00067,466,382.573855
438.80054,516,382.615312
1128.194,1183,382.665206
3116.8203,3000,382.907809
201.10022,290,383.172005
3116.4287,3000,383.276774
107.70003,197,383.69652
382.30084,463,383.81308
435.00012,513,383.899999
207.90051,292,384.053503
1887.6868,1914,384.144959
75.50012,166,384.686339
300.00052,386,384.991531
3130.8257,3000,385.149096
3112.9253,3000,386.32409
1473.1907,1503,386.708673
3117.6284,3000,386.961047
3112.115,3000,387.348794
833.5982,896,387.548787
603.6993,680,388.148513
1278.5936,1324,388.449848
23.299927,116,388.751852
1477.1898,1516,389.332273
1998.1897,2003,389.35675
1107.2927,1156,389.885491
3139.339,3000,390.274837
3104.9336,3000,390.447652
2783.6267,2773,390.790329
3124.8274,3000,390.829466
1284.6931,1336,391.090803
3130.3257,3000,391.108372
3097.416,3000,391.148296
2495.4082,2496,391.200802
298.1008,379,391.306455
3113.6265,3000,392.430106
411.70084,492,392.465689
1057.5944,1116,393.08531
1236.8937,1286,393.106313
893.4976,954,393.957497
1095.1965,1152,394.42337
2975.5244,2966,395.243421
2822.2173,2803,395.426256
1784.7878,1806,395.49317
1750.9874,1773,395.861873
2769.0222,2766,396.026466
1033.6953,1086,396.205097
1037.4951,1086,396.222724
2420.9055,2436,396.406853
206.50037,293,396.906356
105.700226,193,396.954914
-7.7000656,86,397.128709
2010.6921,2023,397.130713
3131.3276,3000,397.358918
574.69763,656,464.260324
2012.19,2040,465.048293
348.9005,434,465.799105
3129.322,3000,466.183194
1358.4905,1402,466.449678
3100.7202,3000,466.56142
936.29456,984,466.621379
3123.1294,3000,467.918067
480.3003,554,468.06585
791.7958,846,468.205579
1725.8864,1744,468.918438
3106.5237,3000,469.385272
2214.197,2234,469.445985
456.50055,533,469.811996
3116.3164,3000,469.898581
1992.3882,2016,469.975145
845.59607,906,493.437486
3135.333,3000,493.500225
243.80078,322,493.532133
3130.938,3000,493.64789
59.800125,153,493.920812
3120.2158,3000,494.285176
464.79956,544,494.918195
3098.6145,3000,495.110954
1506.2911,1546,495.913455
3104.126,3000,496.29652
1606.4897,1643,496.673745
3111.4233,3000,497.303525
3128.2188,3000,497.5181
3099.2234,3000,497.67196
1502.6898,1542,497.846759
531.59973,606,498.336342
3125.418,3000,498.985862
636.69867,704,500.370476
3111.82,3000,500.477274
3128.0269,3000,500.93365
3113.4172,3000,501.139935
333.00067,413,501.658237
2384.8057,2393,501.764834
3120.1235,3000,501.872874
1406.5927,1456,501.920424
-8.90007,84,502.198704
3119.3203,3000,502.445196
385.50064,464,502.49859
3111.1223,3000,502.812857
2023.992,2046,503.195351
3127.0298,3000,503.7626
2610.6152,2606,503.871099
2108.388,2126,504.108485
724.09814,796,504.277787
3113.829,3000,504.758597
665.79767,726,505.139651
1185.2935,1236,505.61881
1176.7925,1223,505.978897
1767.488,1792,505.997899
3106.623,3000,506.465064
1257.1932,1306,506.496204
591.7982,664,507.437781
508.3999,586,507.585999
3101.523,3000,507.968554
723.1979,794,508.19297
594.7991,666,508.344733
274.00046,356,508.934927
3109.018,3000,509.741767
2794.8254,2773,509.772554
1185.8918,1224,509.861627
2772.8215,2754,510.455481
2577.2139,2583,511.291587
2481.6116,2474,511.322476
525.19946,596,511.383902
3117.425,3000,511.922219
3133.7256,3000,512.444428
3127.2344,3000,512.73627
1376.6919,1424,512.931245
3104.2356,3000,513.242071
1269.5931,1316,513.411056
3111.0215,3000,513.555619
506.29895,586,515.2222
2913.0247,2896,515.761688
1018.79663,1082,515.850698
3113.7266,3000,515.947492
2845.9233,2837,516.415601
3120.2266,3000,516.690859
1084.6937,1133,516.707895
295.20056,376,516.907979
195.90042,283,517.162452
2662.2136,2654,517.374805
282.60056,363,517.688357
3123.0269,3000,518.941098
3122.5247,3000,519.844296
3115.332,3000,519.881345
3126.7273,3000,519.94418
3137.4348,3000,520.532513
1593.6871,1614,520.548515
3121.0222,3000,521.074582
333.90073,413,521.249669
1399.4901,1427,521.322788
1513.4899,1554,521.42052
3121.6255,3000,521.57873
101.60004,193,521.622916
3130.0303,3000,521.880852
2307.8042,2326,521.958102
709.69684,773,522.139547
624.3994,698,522.521278
924.89624,976,522.731627
2054.8877,2062,523.374093
997.39624,1066,523.633605
879.3977,951,524.309911
3119.8267,3000,524.35471
3102.0225,3000,525.490762
3124.8232,3000,526.801039
972.6963,1036,527.0668
3113.5254,3000,528.147186
2964.1282,2966,530.172438
3112.2246,3000,530.354067
3120.233,3000,530.468956
3112.6216,3000,530.65975
-11.6000595,83,530.925648
3116.9236,3000,531.024832
3105.7222,3000,531.117536
3133.5278,3000,531.337604
2235.697,2246,531.406693
3133.5288,3000,531.798723
364.70062,444,531.891382
480.5995,562,531.954823
3117.1294,3000,531.998555
3129.8281,3000,532.519965
188.60043,274,532.61187
3122.2324,3000,533.42494
762.39716,826,533.434481
689.7988,766,534.046909
3114.3276,3000,534.34514
2572.8076,2572,534.407981
1517.7916,1562,534.791754
1078.9944,1126,534.818791
3108.822,3000,535.406255
164.50015,253,535.568373
558.6998,634,536.292887
1607.7898,1643,536.541878
3133.8298,3000,536.725619
1191.1909,1229,536.912422
2004.7896,2024,537.061114
2027.1904,2051,537.081702
1140.7944,1196,537.412184
30.899948,126,537.412184
3.7999191,96,537.673938
668.09827,734,538.264589
1666.7876,1696,539.241012
3113.6272,3000,539.469031
3117.1248,3000,539.552472
738.1987,806,539.761344
1645.09,1686,562.923174
239.50082,316,563.110298
3119.929,3000,563.633873
3115.8257,3000,563.726619
606.699,676,563.766701
3102.6199,3000,564.559793
569.09875,644,564.83255
1907.8903,1936,565.13782
498.0998,576,565.302317
3135.5273,3000,565.939522
3123.733,3000,566.587573
791.598,863,566.887612
86.20009,176,567.363888
1649.49,1683,583.542314
3123.726,3000,583.572879
3120.833,3000,583.752484
3121.2244,3000,583.934844
270.1003,356,584.507753
1758.4872,1776,584.576291
352.00058,433,584.593881
3106.6284,3000,584.721843
3116.8247,3000,585.30066
535.6002,612,585.615999
765.6983,826,585.77071
1349.7908,1396,585.791416
3118.3296,3000,586.406049
3117.7183,3000,586.762854
3108.7158,3000,587.973457
1112.3937,1163,588.039146
903.19586,956,588.046148
3107.3208,3000,589.296792
3119.8306,3000,589.694736
1358.1921,1393,589.74045
546.49976,617,589.921034
3115.4194,3000,589.960759
3123.5232,3000,592.85545
483.69983,556,592.940653
3109.5264,3000,594.707176
2280.497,2284,594.845902
425.90076,502,595.171025
3123.9229,3000,595.844036
3116.7283,3000,595.940374
3123.2124,3000,595.968145
-10.000061,84,596.13144
1346.6938,1396,596.463828
2422.6074,2422,596.526595
116.00015,206,596.625323
3110.7346,3000,597.371948
1248.6923,1296,597.97862
757.8978,826,598.00795
3123.233,3000,598.10002
3111.2183,3000,600.006621
3125.137,3000,600.012637
955.3959,1006,601.116807
3127.2278,3000,601.157986
3116.6177,3000,601.606738
3117.2231,3000,601.648944
1931.4839,1943,602.668909
1899.9854,1923,603.338176
1198.3918,1236,603.607323
577.19934,654,603.635657
1248.7926,1294,603.770861
2859.824,2853,603.874786
3129.929,3000,604.392588
3119.0212,3000,605.3073
3113.2173,3000,605.504914
287.90063,373,605.606006
1430.6903,1464,605.64478
3118.9355,3000,605.79888
3123.5254,3000,605.931157
188.30038,276,606.750817
3108.2283,3000,607.109764
3116.8289,3000,607.219563
2641.3027,2653,609.630637
3120.8203,3000,610.053236
1005.1942,1056,610.329737
1580.5919,1613,610.373318
2510.8044,2512,611.131485
3114.5234,3000,611.567667
1582.8887,1606,611.807268
2077.0923,2086,611.9201
534.3987,606,612.09567
3103.624,3000,612.237621
3107.4287,3000,612.502375
3139.0315,3000,612.649364
335.50055,416,612.772468
3131.837,3000,612.778485
2452.309,2466,612.820955
75.00015,166,613.269251
537.1996,606,613.884322
3124.1316,3000,614.152941
3118.0178,3000,614.340134
1482.1897,1516,614.594971
733.4977,796,614.667794
1217.0925,1264,614.864699
95.79994,186,614.914522
3110.126,3000,615.614074
235.10028,323,615.797119
2147.4912,2166,616.85928
1350.1906,1384,617.019557
490.0993,566,617.478528
1827.8884,1856,618.513515
1227.3915,1276,618.517524
3119.7134,3000,618.660521
1164.0953,1226,618.664531
585.19824,654,620.454452
1161.9939,1212,620.518247
3121.2197,3000,620.84123
3109.2153,3000,620.93266
3128.226,3000,621.51897
209.60034,293,621.665044
3121.0269,3000,621.671044
1130.594,1184,621.957639
3132.9302,3000,622.386326
274.70062,356,623.146245
3123.5322,3000,623.676776
3106.5254,3000,624.025822
221.70041,308,624.513175
3115.1257,3000,624.633751
316.70087,396,625.714193
3119.729,3000,625.783486
1134.8928,1186,626.712581
3120.7332,3000,626.800362
1870.2874,1898,627.010963
3117.026,3000,627.186891
3119.1294,3000,628.398106
3133.228,3000,628.402117
678.09717,746,629.48291
368.50092,446,629.877281
3116.3198,3000,630.300181
2670.3071,2676,630.621593
3106.421,3000,630.851392
325.00058,406,654.161083
3121.9263,3000,654.241418
3123.0269,3000,654.48123
1895.3862,1916,655.333998
3124.8303,3000,655.351826
3140.424,3000,655.575703
2192.0955,2206,655.846746
2578.104,2576,655.908613
3108.5366,3000,656.015959
116.3002,206,656.468655
3121.727,3000,656.963322
3121.1235,3000,658.037257
1715.1874,1746,658.05277
3105.511,3000,659.483357
1828.4904,1866,660.335266
792.8958,856,660.346199
3115.42,3000,660.387468
3113.328,3000,660.765373
1843.2902,1886,661.732698
3099.0205,3000,661.81763
3125.6245,3000,662.550317
3117.2285,3000,662.637214
220.20032,306,662.766251
3115.821,3000,662.876435
3117.8237,3000,663.799178
3138.4333,3000,664.091105
3120.622,3000,664.432739
2221.495,2224,664.60932
3122.1257,3000,664.642624
-7.600075,86,664.729302
3134.4216,3000,665.707364
1725.9884,1746,665.784246
544.39905,623,666.553952
580.2004,656,668.692081
3131.331,3000,668.707856
1691.1888,1716,787.060603
3117.0198,3000,787.273966
3123.538,3000,787.291753
3133.3384,3000,787.71902
1746.5902,1786,787.81895
2067.4937,2086,787.971215
1545.6906,1586,788.344661
3117.6338,3000,788.699684
23.199905,116,789.008716
3013.0364,2986,789.340539
3140.5244,3000,789.460113
1952.0881,1976,789.510449
3108.322,3000,789.591094
3129.1235,3000,789.699776
835.9966,896,789.915917
267.3003,356,790.637167
1346.393,1396,791.146293
3124.0264,3000,791.260986
1293.2913,1336,792.106224
1702.2882,1726,792.273776
1439.9934,1486,793.070548
2059.6907,2076,793.821254
3115.4219,3000,795.044053
3125.9336,3000,795.057823
449.20062,526,795.381125
2282.0984,2286,796.049717
3134.6318,3000,796.259352
3128.3296,3000,796.365551
1959.5852,1966,796.768028
1394.9906,1436,797.361873
2775.1187,2756,797.393424
1925.286,1946,798.018454
3135.5195,3000,798.038236
3106.9138,3000,798.218546
-7.3000717,86,798.261137
3122.337,3000,798.658233
2784.111,2766,798.750654
468.49976,546,798.981531
1406.4907,1446,799.243994
3135.0337,3000,799.882531
3115.627,3000,800.691436
378.3008,456,801.112677
2209.1016,2216,802.683748
2257.9038,2266,803.232235
3118.3188,3000,803.574986
3107.624,3000,803.905852
3125.3274,3000,804.628767
3120.7197,3000,804.970379
2591.4116,2566,805.22332
976.29443,1026,805.64697
3130.4287,3000,805.946535
1950.7869,1976,806.388103
3146.0332,3000,806.686179
3118.629,3000,806.726325
3109.2288,3000,807.126569
3148.1316,3000,807.217479
3125.331,3000,807.451319
3121.1284,3000,807.722633
835.5978,897,808.133409
1259.6921,1306,808.374071
2887.3225,2856,809.221159
582.1987,656,809.568495
141.40028,226,809.93571
1561.2887,1592,810.411746
1510.391,1546,811.041118
3122.8276,3000,811.781231
3130.2312,3000,812.112834
3128.228,3000,812.512623
3130.4263,3000,813.604858
3125.0154,3000,813.809985
2149.8875,2156,814.285889
1657.1902,1696,814.734198
3122.1252,3000,814.822594
3123.728,3000,815.10535
2424.7036,2426,815.239348
3114.2253,3000,815.610791
3124.7295,3000,815.736851
3122.5308,3000,816.044258
180.70032,266,816.14798
3124.8135,3000,818.425173
1247.2931,1296,841.281171
3117.5286,3000,841.726359
3125.8323,3000,842.353348
3118.8264,3000,843.02879
222.90027,308,843.153276
3123.317,3000,843.350641
3115.8345,3000,843.691721
2690.7117,2676,843.759104
1175.9929,1226,844.538518
3121.3262,3000,844.867897
3140.8293,3000,845.379127
3104.721,3000,845.962765
3121.9163,3000,846.259103
3124.33,3000,846.72075
3133.0325,3000,846.831733
233.00049,316,846.875064
3123.6296,3000,847.07821
210.70032,296,847.109766
3112.3206,3000,847.161377
1586.4877,1613,848.149214
618.59875,686,849.13565
3127.0266,3000,849.331525
3116.4136,3000,850.123591
3125.1226,3000,851.428632
1611.0885,1646,851.522842
3123.3323,3000,851.577962
3142.8374,3000,851.808449
3113.434,3000,852.206929
2045.6946,2064,853.085364
3118.7275,3000,853.09112
3130.1174,3000,853.449408
3136.4238,3000,853.92277
2795.2166,2784,854.931447
3136.9219,3000,855.179932
3117.1199,3000,855.302399
3124.1206,3000,856.746787
1484.2915,1526,857.493151
3103.5269,3000,857.711923
265.3005,346,857.846418
3121.0278,3000,857.877975
3144.0403,3000,858.644828
2944.0283,2917,859.777621
3124.024,3000,860.097494
894.6959,954,860.111272
3111.1333,3000,860.133323
852.696,913,860.326421
3128.629,3000,860.332436
1853.4855,1866,860.658088
3131.4194,3000,860.768476
245.10056,326,861.098435
2853.0212,2836,861.566062
3124.025,3000,861.696563
3133.3318,3000,862.552809
751.2976,822,862.759679
3112.121,3000,863.552034
2103.6882,2116,863.633189
3125.1257,3000,863.804841
3120.3296,3000,866.400135
3110.1104,3000,884.649578
2453.6057,2446,885.143827
3117.921,3000,885.755067
3113.9277,3000,886.056842
3124.4272,3000,886.068608
3115.9177,3000,886.291747
3140.23,3000,886.7398
3135.63,3000,887.051305
282.50052,366,887.431943
3120.4233,3000,887.51828
2622.3118,2608,887.633245
3127.7246,3000,887.647014
3108.4219,3000,888.472138
3123.8242,3000,889.464065
3134.9238,3000,889.556481
3117.9165,3000,889.751822
766.3971,826,889.771345
907.99475,956,891.182008
3119.4207,3000,892.256056
925.29565,986,892.362244
3120.229,3000,893.099139
3140.5374,3000,893.689581
3121.824,3000,894.31146
3115.3252,3000,894.624257
3141.219,3000,894.636282
3134.6326,3000,895.245815
3119.0256,3000,895.51545
3122.9224,3000,895.892886
3137.0295,3000,896.120068
3124.3286,3000,896.135607
647.30005,716,896.386024
2950.925,2918,897.94135
1187.5923,1234,898.207804
3107.6274,3000,898.391123
3117.8237,3000,898.407824
11.899933,106,898.681314
950.6941,996,899.181771
1316.8936,1362,899.209317
2172.4927,2183,899.335566
1299.591,1343,899.424963
3115.417,3000,899.710729
1771.0872,1796,899.758316
507.0996,586,900.929578
3130.7236,3000,900.948862
3125.1343,3000,901.051288
605.498,676,901.390629
1341.2926,1386,901.813296
2924.9268,2916,901.941267
1673.1885,1698,903.415662
3125.4229,3000,904.440331
3120.4194,3000,904.667006
3123.419,3000,904.682784
3108.3184,3000,929.176223
3120.9248,3000,929.348281
3127.533,3000,930.166254
3130.0417,3000,930.282701
3132.933,3000,930.650122
3129.8362,3000,930.687678
3122.5288,3000,931.682147
3135.03,3000,931.703681
3141.4285,3000,931.810631
3113.5261,3000,932.152231
2376.9004,2386,932.567634
3141.5361,3000,932.620739
3134.4363,3000,932.768252
378.70068,463,934.002086
1542.1901,1576,934.978754
3126.432,3000,935.282808
3130.0227,3000,935.490528
3121.4219,3000,935.506302
1926.4855,1938,936.182764
368.80038,453,936.848281
3129.5254,3000,937.527392
3133.9346,3000,937.715469
3129.026,3000,938.596651
3125.3267,3000,938.742466
3129.436,3000,940.253227
3117.8203,3000,940.276759
3104.5237,3000,940.389476
3134.6265,3000,940.739122
2101.0894,2096,940.997561
3119.9263,3000,941.100238
1752.7883,1776,941.143318
3116.0215,3000,941.147326
319.4009,396,942.322275
3120.4324,3000,942.701327
3121.6245,3000,943.838006
3125.6262,3000,943.99777
1216.3927,1254,944.738614
2258.501,2272,945.215694
3125.727,3000,945.387252
1621.2905,1656,945.952133
3120.8184,3000,946.110153
3138.6309,3000,946.307266
2164.1936,2173,946.455276
3122.4307,3000,947.104945
1902.6874,1923,948.191199
3130.419,3000,948.856737
3105.3254,3000,948.982942
3111.1218,3000,949.321513
3117.7312,3000,949.589913
708.8975,774,950.318504
3118.2175,3000,950.884136
2594.4116,2592,952.199027
3132.7322,3000,952.450593
3117.4285,3000,952.617629
2365.0032,2372,953.20391
3109.323,3000,953.80009
2788.4243,2776,953.886744
3118.229,3000,953.967897
1397.2916,1441,954.563765
3125.3213,3000,954.735337
3135.7358,3000,954.913142
342.2007,422,955.088713
3116.5151,3000,955.706188
1188.7931,1232,956.163368
3114.8213,3000,957.446411
3132.7305,3000,957.578069
3126.021,3000,957.919209
3116.7212,3000,958.185706
1055.9935,1103,958.224516
975.6952,1036,959.084455
3125.4265,3000,959.364466
1641.7886,1668,959.577435
3123.5308,3000,960.686118
3117.019,3000,960.988143
3116.1094,3000,961.787479
3115.9277,3000,962.287372
3124.023,3000,962.433412
3120.3308,3000,962.948668
3115.1333,3000,1080.476772
3126.2222,3000,1081.801162
2478.008,2474,1082.397291
692.2986,766,1082.663404
3128.518,3000,1083.296019
3132.9375,3000,1083.420005
3125.9326,3000,1084.147354
3122.3203,3000,1084.196954
1789.188,1816,1084.435314
3137.5244,3000,1085.140481
2385.8064,2396,1085.339643
3117.7302,3000,1085.485415
3123.4248,3000,1085.752627
1248.0918,1286,1086.158911
3127.1355,3000,1086.81472
1265.0925,1306,1087.259051
3119.6272,3000,1088.381107
3128.1262,3000,1088.544046
3136.5303,3000,1089.415753
3138.9233,3000,1090.54007
3111.7278,3000,1091.46414
1006.09424,1056,1091.740586
2588.6064,2586,1091.773407
2370.801,2350,1115.483731
3123.5322,3000,1115.607697
3125.522,3000,1116.418796
3121.035,3000,1116.616169
3105.713,3000,1117.43479
3142.0312,3000,1117.549404
3130.3425,3000,1117.756294
3126.0232,3000,1118.155324
894.0953,946,1118.175102
2231.801,2238,1118.26978
1911.6866,1926,1118.273789
1161.1926,1203,1118.800293
3129.9329,3000,1118.853624
3108.724,3000,1119.311464
1033.2948,1086,1121.232643
1477.3911,1516,1121.877751
3110.6196,3000,1122.547868
1695.4875,1723,1123.476418
2064.6904,2073,1123.631725
3116.5276,3000,1123.655517
2479.4006,2496,1123.784019
3134.7363,3000,1123.984846
3122.2166,3000,1124.026415
2269.2021,2276,1124.683372
2013.8884,2016,1125.061217
3132.9224,3000,1125.581847
2454.9077,2446,1126.758613
3127.3394,3000,1127.20721
3124.73,3000,1127.311548
869.19824,926,1127.712418
3116.1216,3000,1127.806963
590.7993,654,1129.68576
2968.0298,2956,1130.116041
2714.0088,2694,1130.48695
3111.3142,3000,1130.869641
3134.9358,3000,1132.228556
3148.1343,3000,1132.340748
3113.8154,3000,1132.360271
3132.3262,3000,1132.45779
3124.7366,3000,1132.632895
3124.524,3000,1132.668453
104.300095,193,1132.747602
62.200073,153,1132.755361
660.09814,736,1132.928649
3129.6218,3000,1133.189593
3137.4226,3000,1133.977687
2397.1055,2403,1134.402917
3125.0227,3000,1135.126696
3127.437,3000,1135.541352
3125.4204,3000,1135.657793
3133.1387,3000,1138.064422
3124.1233,3000,1138.547556
3149.0215,3000,1138.91473
1561.689,1596,1139.684266
2658.3071,2646,1140.043188
3142.3257,3000,1140.717308
3126.6306,3000,1140.818019
3130.526,3000,1140.997839
3126.4277,3000,1141.114309
3133.9272,3000,1141.122067
3138.0327,3000,1141.315406
3134.632,3000,1141.661677
3129.9282,3000,1143.458641
331.40097,406,1143.900119
3139.2285,3000,1144.082208
1657.1868,1683,1145.774992
3129.028,3000,1146.414421
3127.1282,3000,1146.538399
10.599922,103,1146.846547
1252.993,1293,1147.345049
1047.9949,1106,1148.211263
3139.7244,3000,1149.198771
3116.021,3000,1149.751142
3115.0234,3000,1150.857524
3146.3264,3000,1151.151819
2995.8293,2964,1151.742453
3134.5361,3000,1151.936036
3142.332,3000,1152.10191
3130.8257,3000,1152.224002
3136.1301,3000,1152.404432
3129.9204,3000,1153.970234
3141.137,3000,1154.133497
3121.4268,3000,1154.914724
3133.8306,3000,1155.406394
3123.923,3000,1155.606574
3127.2168,3000,1156.085476
677.59753,736,1156.349751
3140.2324,3000,1157.181761
3137.8423,3000,1158.290165
1056.7946,1113,1158.625761
3124.133,3000,1158.953788
3137.725,3000,1160.965787
2581.9106,2576,1161.128554
3127.6282,3000,1161.54746
2142.6934,2144,1162.139301
169.00034,256,1162.326669
3113.1213,3000,1162.708745
3123.9248,3000,1163.094782
3138.2373,3000,1163.592853
3140.6404,3000,1163.890571
521.10004,593,1166.007844
2056.3877,2064,1166.177926
2779.5303,2754,1167.272848
2650.4143,2639,1167.641891
3143.0337,3000,1167.923189
3126.1367,3000,1195.03074
12.299942,106,1219.455892
3119.9204,3000,1221.157164
3138.0215,3000,1221.471286
3127.7324,3000,1221.663594
2327.104,2332,1222.03365
125.000305,213,1222.222986
3124.3167,3000,1222.877195
3135.129,3000,1223.114898
3126.4333,3000,1223.472012
3137.532,3000,1223.577564
3133.834,3000,1223.755834
3151.7292,3000,1224.45449
3124.6294,3000,1226.130545
2219.898,2222,1226.241736
3117.3357,3000,1226.323977
3157.4412,3000,1227.213117
3134.832,3000,1227.516229
3121.7236,3000,1227.752753
2775.8184,2760,1229.607968
3133.923,3000,1230.67362
2594.5078,2592,1231.201571
3142.338,3000,1231.249059
3118.4253,3000,1231.44651
3143.6177,3000,1232.14596
3149.4353,3000,1232.652822
3145.4316,3000,1232.751921
3127.8208,3000,1232.947695
3121.7244,3000,1233.791975
657.99817,726,1235.045276
3110.019,3000,1235.359075
3131.532,3000,1235.43051
3147.6313,3000,1235.485945
3134.333,3000,1236.242007
3139.6343,3000,1236.56047
3138.6235,3000,1236.782467
3131.0408,3000,1238.423364
3142.7266,3000,1239.314974
897.69574,956,1239.368541
1485.9937,1528,1239.67325
3133.1277,3000,1239.84823
3127.7234,3000,1239.898308
3141.7275,3000,1240.083926
2.699936,96,1240.148934
3138.3455,3000,1240.753356
3124.83,3000,1241.299151
3135.731,3000,1241.63261
3135.0269,3000,1242.396271
3130.825,3000,1243.497947
3124.4282,3000,1243.819275
3134.2378,3000,1243.941264
1535.9922,1572,1244.651813
3149.5422,3000,1244.685356
251.20041,333,1244.743871
3135.0283,3000,1244.939885
3134.0374,3000,1246.989767
3146.537,3000,1247.907677
3139.9272,3000,1247.961763
3130.8247,3000,1248.237638
3147.9387,3000,1248.393653
3147.1313,3000,1248.632061
3125.7222,3000,1249.291578
3134.3252,3000,1249.896548
662.79846,733,1250.052367
-23.000053,72,1250.117965
3128.4248,3000,1250.209752
2036.489,2034,1250.609419
3127.6294,3000,1251.006244
435.50037,513,1251.754985
3135.9336,3000,1252.142342
1169.9933,1216,1252.221482
3136.0278,3000,1252.557662
955.9938,1006,1252.91356
309.5006,391,1253.175338
3139.9258,3000,1253.241787
3133.8284,3000,1253.360139
3134.331,3000,1253.602985
95.60019,183,1253.826449
1440.6898,1478,1254.432847
355.00073,433,1254.544478
2355.2996,2349,1255.111297
3130.8276,3000,1255.586699
1586.1884,1616,1256.306796
3132.4282,3000,1256.485385
3128.524,3000,1257.025497
1313.3915,1352,1257.49761
3132.825,3000,1258.048943
3127.3276,3000,1259.215086
3117.929,3000,1259.587901
1151.0925,1196,1259.800047
149.20023,236,1260.262642
3135.0347,3000,1260.824432
3113.7295,3000,1261.178213
3135.8303,3000,1261.568935
2614.3052,2593,1261.972349
3134.5352,3000,1262.066313
3130.2273,3000,1262.523022
3119.9302,3000,1263.045163
3144.129,3000,1263.646094
3144.1338,3000,1264.134553
3120.227,3000,1265.234133
3145.9387,3000,1265.823001
2206.5977,2204,1266.218902
3127.9243,3000,1266.236667
3125.1257,3000,1266.724487
3121.5227,3000,1290.880594
3117.1274,3000,1291.83697
3126.9253,3000,1292.39742
3133.5308,3000,1292.731583
3130.2283,3000,1293.099276
3131.4248,3000,1293.418269
3133.8281,3000,1293.496484
3129.4277,3000,1293.90706
3138.4343,3000,1294.441717
3150.834,3000,1295.064138
358.40067,436,1295.10884
3125.8276,3000,1295.592121
3134.2441,3000,1296.524774
3131.934,3000,1297.016869
3154.127,3000,1297.402681
3137.2305,3000,1297.421827
3124.1152,3000,1297.998873
130.20036,217,1298.131868
3154.3345,3000,1299.264795
3120.6255,3000,1418.66491
3121.6313,3000,1419.494725
3130.9343,3000,1420.013839
3139.4277,3000,1420.482104
3147.3257,3000,1420.921793
3130.833,3000,1421.045163
3129.2222,3000,1422.601877
2797.213,2776,1422.620204
3144.427,3000,1423.718675
2389.4053,2386,1424.054465
3133.421,3000,1424.403168
2748.916,2716,1424.655084
423.30048,506,1424.836644
335.80096,414,1426.251873
1616.7874,1636,1427.000233
3131.7327,3000,1427.251212
3121.324,3000,1427.978073
3131.5244,3000,1428.231283
3127.93,3000,1429.674827
3140.433,3000,1430.849536
3148.1265,3000,1431.743651
2269.6987,2266,1431.831402
3141.443,3000,1432.660911
3140.6243,3000,1433.014295
3151.5325,3000,1433.11472
3137.4368,3000,1435.066491
3147.735,3000,1435.317519
740.197,796,1435.785367
3116.9175,3000,1435.810506
3127.3318,3000,1435.931268
3140.938,3000,1436.819397
3141.2312,3000,1437.366247
3138.4275,3000,1437.573313
3137.4282,3000,1438.102512
3144.6284,3000,1438.218714
3116.3179,3000,1439.443421
3148.438,3000,1440.457181
3138.5325,3000,1441.094762
3146.931,3000,1441.172112
3134.0356,3000,1442.093795
3137.1277,3000,1442.454858
3134.5288,3000,1444.42357
1240.7911,1273,1444.639846
3134.531,3000,1444.681498
3138.134,3000,1445.09872
3130.3406,3000,1445.131128
3122.828,3000,1445.274024
3134.6382,3000,1446.864635
3141.431,3000,1447.762619
3139.423,3000,1448.012089
750.7971,806,1448.627082
3149.54,3000,1448.631086
3126.3225,3000,1448.775081
3131.229,3000,1449.902262
649.4973,716,1450.713863
3137.0254,3000,1451.602684
3138.2249,3000,1451.668038
3117.1252,3000,1452.296957
3120.523,3000,1452.630468
1587.9847,1596,1453.246005
3123.7295,3000,1454.532911
3142.5364,3000,1454.758942
3132.8247,3000,1454.80065
3146.2383,3000,1455.74186
3131.033,3000,1456.018867
3132.836,3000,1457.342039
2297.5,2292,1457.737915
3133.53,3000,1457.867175
3126.7234,3000,1458.083059
3131.431,3000,1458.731732
3126.824,3000,1460.764652
3153.74,3000,1461.495688
3149.7393,3000,1461.563005
3108.433,3000,1462.251279
3140.021,3000,1462.598784
3112.3223,3000,1463.270314
3131.3293,3000,1487.835893
3130.832,3000,1488.044976
3133.5264,3000,1488.091015
3137.4272,3000,1488.520176
3141.1345,3000,1488.67306
3148.4321,3000,1489.762464
3139.7288,3000,1490.154414
3143.1313,3000,1490.28375
3139.6357,3000,1490.490049
3139.532,3000,1491.110328
2060.5881,2066,1491.188436
539.19977,608,1492.032494
3136.3325,3000,1493.11837
3137.2327,3000,1494.133303
3149.5317,3000,1494.990161
3137.6323,3000,1495.320531
2874.1287,2846,1495.540099
3128.627,3000,1497.216012
3150.629,3000,1497.433747
3133.9326,3000,1497.478323
3151.928,3000,1497.939822
3129.126,3000,1498.085446
3135.734,3000,1499.033234
3155.3457,3000,1499.398822
122.6001,216,1499.608366
3126.323,3000,1499.754334
2126.1943,2126,1499.818387
2902.239,2866,1500.018635
3132.022,3000,1500.639122
3151.345,3000,1501.547254
3151.4402,3000,1503.406042
3135.7354,3000,1504.234894
3151.9353,3000,1504.668417
3137.8262,3000,1504.917352
3136.8257,3000,1506.807984
3145.438,3000,1506.993685
3159.5369,3000,1507.028853
2253.8945,2246,1507.397329
3136.437,3000,1507.609281
3155.6318,3000,1507.752777
3138.9277,3000,1527.551574
3150.7434,3000,1527.78143
3128.321,3000,1527.917125
3125.4316,3000,1527.99496
3150.5322,3000,1528.664917
3156.3408,3000,1529.61402
1569.5863,1586,1530.731707
3149.8289,3000,1531.370774
379.9009,456,1531.931645
3146.3325,3000,1532.080992
3146.0332,3000,1532.476534
3140.529,3000,1532.714225
3142.9243,3000,1534.33809
3136.8286,3000,1534.52428
3135.9321,3000,1534.563602
32.699966,126,1534.694363
723.19714,786,1534.819475
3149.138,3000,1534.961223
3151.542,3000,1535.106817
3153.4375,3000,1536.531512
3139.727,3000,1536.778052
3146.937,3000,1536.915661
3143.0356,3000,1536.991783
3143.6328,3000,1537.811247
3130.327,3000,1538.705172
1282.9916,1316,1538.734646
3137.4363,3000,1540.362909
3153.2368,3000,1541.080801
3154.533,3000,1541.241933
3130.331,3000,1541.888615
3143.5308,3000,1543.596404
3146.9392,3000,1543.730112
3141.2341,3000,1543.85493
3137.0276,3000,1544.031474
3143.8347,3000,1544.159522
3151.4312,3000,1545.436769
3137.1296,3000,1545.663973
3133.927,3000,1545.786649
3139.6353,3000,1545.846455
3141.33,3000,1546.574049
3131.3298,3000,1547.451699
3136.4229,3000,1547.476947
1546.8871,1576,1548.31383
3138.2336,3000,1549.467306
3143.728,3000,1550.320968
3140.939,3000,1550.480487
3142.035,3000,1551.010957
1087.1937,1136,1551.163517
3130.624,3000,1553.042419
3152.8384,3000,1553.204518
3147.737,3000,1553.371112
3134.831,3000,1553.526241
3145.8352,3000,1555.132893
3125.1257,3000,1555.393671
3156.8225,3000,1555.547165
3136.1313,3000,1555.625556
3137.224,3000,1579.755687
1058.3944,1104,1580.348797
3140.033,3000,1580.4951
3143.437,3000,1581.200692
3155.6328,3000,1582.128395
3130.734,3000,1582.718621
3144.0251,3000,1582.888439
3141.7358,3000,1583.464974
3126.916,3000,1583.594416
3033.9265,2996,1585.438637
3133.329,3000,1585.587611
3156.6309,3000,1585.878642
3143.7334,3000,1587.437282
3143.0332,3000,1587.664199
3004.8303,2966,1587.757149
3155.8306,3000,1587.800345
3141.9385,3000,1588.542158
3165.3545,3000,1589.209799
3156.036,3000,1589.396787
3148.4253,3000,1590.243803
2500.6147,2486,1590.498502
909.3944,956,1590.576734
3146.9275,3000,1591.254116
3145.1328,3000,1591.948963
3150.7363,3000,1592.747172
3133.9302,3000,1592.885736
475.30017,546,1594.338751
3139.3223,3000,1594.516367
3130.63,3000,1594.673479
3151.9333,3000,1594.98907
3151.7358,3000,1596.371948
3136.128,3000,1596.57361
3141.7356,3000,1596.693999
3150.5317,3000,1597.402782
3134.427,3000,1598.096144
3141.3254,3000,1598.277444
3140.7312,3000,1599.169987
3154.8435,3000,1599.441306
3132.1282,3000,1599.52393
3137.3335,3000,1600.143794
3155.6353,3000,1600.71748
3160.8289,3000,1601.596279
3148.7266,3000,1603.399031
3140.6304,3000,1603.626038
3142.0366,3000,1603.884039
3138.927,3000,1604.220485
1207.8903,1236,1604.83072
3136.7305,3000,1605.764783
3142.83,3000,1606.035576
3138.1196,3000,1606.195008
3140.7346,3000,1606.925728
3135.5283,3000,1607.703216
3145.4321,3000,1607.88049
1270.892,1304,1608.160615
3145.232,3000,1608.763777
3144.2395,3000,1609.091256
3151.741,3000,1609.195939
3133.6204,3000,1609.886839
3146.834,3000,1611.294765
930.1941,976,1611.849471
3143.2327,3000,1731.547032
3147.8254,3000,1731.746911
3144.828,3000,1732.142326
3158.2278,3000,1732.652885
3165.642,3000,1733.465956
3149.0347,3000,1733.767631
3161.3418,3000,1733.930921
44.700012,136,1734.216973
3135.5342,3000,1734.662325
3139.7322,3000,1735.333093
3141.837,3000,1735.492845
3146.8242,3000,1735.745732
3141.7222,3000,1736.642449
3131.823,3000,1736.730336
3147.6338,3000,1737.340533
2007.2854,2006,1737.509232
3151.445,3000,1738.678425
3130.234,3000,1739.334779
3157.4358,3000,1740.907649
3143.8376,3000,1741.448843
1945.7872,1966,1741.688353
3152.6326,3000,1741.988492
3146.5366,3000,1742.723748
3152.8318,3000,1743.142326
3133.0327,3000,1743.510704
3142.9316,3000,1744.033243
3133.6282,3000,1744.829266
3125.5308,3000,1745.332808
3141.7485,3000,1746.3084
3145.23,3000,1746.405184
3162.4358,3000,1747.058679
3151.7349,3000,1747.240751
3147.539,3000,1771.379897
1617.0865,1630,1771.399924
3141.3335,3000,1771.898585
3143.3303,3000,1773.263072
3157.7366,3000,1774.264856
3148.8418,3000,1774.685941
3145.126,3000,1775.153338
3165.8389,3000,1775.998928
2733.517,2696,1776.193598
3138.8398,3000,1776.699889
3166.345,3000,1777.855648
3157.0386,3000,1778.384194
3139.334,3000,1779.267721
3136.436,3000,1779.351292
1718.0868,1736,1779.595707
3153.5264,3000,1780.102499
2595.3137,2566,1780.178108
3155.8477,3000,1780.297507
3155.6326,3000,1781.579075
3154.2314,3000,1782.01676
2327.9978,2312,1783.269924
3147.1326,3000,1783.841988
3142.1248,3000,1784.107189
3129.63,3000,1784.442976
247.50058,328,1785.136119
3153.0344,3000,1785.248847
1821.4851,1830,1785.71522
3136.7305,3000,1785.823183
3143.3264,3000,1786.888092
2550.9114,2526,1787.077134
396.90082,473,1787.144206
3150.839,3000,1787.371461
3169.2302,3000,1788.277595
3160.5425,3000,1788.383459
3145.1326,3000,1789.133299
3145.232,3000,1789.223323
3157.1436,3000,1790.715435
3155.9314,3000,1791.261196
3142.9243,3000,1792.863258
3146.3435,3000,1793.433046
3156.842,3000,1794.055974
3164.7422,3000,1794.83584
3148.5393,3000,1794.982929
3159.7358,3000,1795.552844
3158.2434,3000,1796.769521
3151.2344,3000,1796.933614
3140.0317,3000,1796.98735
3170.6433,3000,1797.190283
3133.2192,3000,1798.015104
3157.3289,3000,1798.121301
1029.7937,1080,1798.179511
3168.0398,3000,1798.825914
3157.636,3000,1798.903464
2471.805,2446,1799.067605
3146.3333,3000,1800.116517
1138.1921,1176,1800.419524
3158.9404,3000,1801.959804
3150.6326,3000,1802.435969
3139.4353,3000,1803.069409
3144.7268,3000,1803.78722
3147.9312,3000,1804.405612
3140.6309,3000,1805.858438
3147.4302,3000,1806.066628
3151.3389,3000,1806.38753
2466.9155,2442,1806.527689
3140.6338,3000,1807.405369
3156.737,3000,1807.544959
3147.433,3000,1807.623941
3164.5361,3000,1808.338255
3172.4443,3000,1808.417063
2706.828,2660,1808.727514
3144.4382,3000,1810.179465
3159.5322,3000,1811.778644
3141.9446,3000,1812.275362
1280.0911,1316,1812.433007
3169.8394,3000,1812.847596
3143.0264,3000,1813.660099
3144.3386,3000,1814.328068
3138.0315,3000,1815.748959
3172.2334,3000,1815.942875
3157.132,3000,1816.233377
3146.4282,3000,1816.370166
3158.1306,3000,1835.810104
3164.6387,3000,1835.926028
3139.8252,3000,1835.989106
1700.9843,1713,1836.02577
3152.0344,3000,1836.687092
3157.5366,3000,1836.963726
3166.1484,3000,1838.360179
1273.6941,1318,1839.947755
3141.03,3000,1840.551642
3137.2314,3000,1840.699678
3156.7288,3000,1841.103274
847.8949,896,1841.196634
1876.5829,1876,1841.875009
3159.5413,3000,1841.880008
2528.2124,2486,1865.747885
3156.535,3000,1865.810399
788.39734,846,1866.58107
2469.0146,2453,1866.778799
3159.04,3000,1867.048369
36.49997,128,1867.392979
3144.2402,3000,1867.452147
3161.8423,3000,1867.575341
676.69727,734,1867.809941
3175.0435,3000,1868.375952
3154.3389,3000,1868.977875
3143.2388,3000,1869.242958
218.70074,296,1869.79207
1178.0929,1229,1870.002305
1531.2876,1557,1871.740318
3160.8315,3000,1871.898654
3164.7292,3000,1872.534532
3143.2332,3000,1873.168574
3175.357,3000,1873.264496
3161.8357,3000,1873.916445
3156.0278,3000,1873.919444
3160.436,3000,1874.538457
3160.4272,3000,1875.511853
3152.8376,3000,1876.284473
1012.3938,1056,1876.378645
3161.7344,3000,1876.416906
3154.4255,3000,1876.6746
3142.637,3000,1877.434179
2622.807,2583,1877.901407
3168.134,3000,1878.34137
1722.3864,1736,1878.559377
3149.3306,3000,1878.852837
3180.6396,3000,1880.841019
1200.5894,1222,1880.901818
3170.4382,3000,1880.997334
1693.185,1699,1881.400294
3167.8428,3000,1881.524991
3151.8313,3000,1882.74737
3144.6226,3000,1882.751372
3165.346,3000,1883.369318
3058.5417,2980,1884.240405
3164.9424,3000,1884.983398
3151.9255,3000,1885.075403
3159.2407,3000,1885.338407
3160.0366,3000,1886.485922
3144.3252,3000,1886.975835
3168.841,3000,1887.200546
3154.2324,3000,1887.494723
3155.7324,3000,1889.602266
3146.8315,3000,1889.66522
3167.3464,3000,1889.775105
3162.2424,3000,1890.233169
3162.5469,3000,1890.367663
3176.14,3000,1891.566887
3160.1428,3000,1891.57081
3155.7515,3000,1892.148258
1945.4788,1926,1892.835567
3151.9321,3000,1893.049064
3155.134,3000,1893.83648
3161.4338,3000,1893.938819
3155.1274,3000,1894.248086
3177.3503,3000,1895.327075
3173.1414,3000,1895.725538
3184.1472,3000,1896.267453
3167.1362,3000,1898.213197
3176.9407,3000,1898.270722
3165.137,3000,1898.37144
3166.8413,3000,1898.838125
3149.9307,3000,1898.995305
3172.238,3000,1900.174277
3154.7385,3000,1900.177313
3176.2422,3000,1900.811598
3161.537,3000,1901.599654
3167.2366,3000,1901.864382
3164.1377,3000,1902.68669
3042.8328,2976,1902.706689
3165.7417,3000,1903.065528
1634.0862,1642,1903.410634
2674.32,2626,1903.533963
3175.5435,3000,1904.289868
1762.4851,1776,1904.488776
530.2994,602,1904.585099
555.6991,626,1904.675651
3162.941,3000,1905.311163
1103.9935,1146,1905.426238
3138.1243,3000,1907.317738
3163.7385,3000,1907.399651
3160.436,3000,1907.910502
3174.0376,3000,1910.210471
3173.5432,3000,1910.214471
2237.595,2226,1910.664537
3169.0422,3000,1910.869558
3168.435,3000,1911.586792
3166.1282,3000,1913.161698
3163.33,3000,1913.275735
3161.8264,3000,1913.877884
3164.7253,3000,1914.065632
3171.9404,3000,1914.164039
3150.935,3000,1914.24606
3164.3337,3000,1937.971822
3173.4312,3000,1938.07059
564.2997,624,1939.748175
3147.1362,3000,1939.818669
3163.138,3000,1939.878949
3174.2498,3000,1940.380858
3164.937,3000,2060.704724
3160.241,3000,2060.710722
3012.8242,2984,2061.265684
3166.7412,3000,2061.563821
3174.938,3000,2062.333631
2714.916,2676,2062.97715
3157.2427,3000,2064.017857
3167.1394,3000,2064.700989
3143.8354,3000,2064.95494
3162.6365,3000,2065.082146
3181.737,3000,2065.196837
3147.43,3000,2066.131077
1538.1858,1546,2068.60474
3163.8364,3000,2068.765504
3164.4514,3000,2068.837667
3166.3335,3000,2068.909251
3144.54,3000,2069.56285
1114.9933,1156,2070.491432
3171.0454,3000,2071.220039
3171.4395,3000,2071.224981
3177.3455,3000,2071.71927
3174.4353,3000,2071.993002
3172.4407,3000,2072.926099
3170.136,3000,2075.329085
3166.7422,3000,2076.166194
3159.3247,3000,2076.409319
3167.8406,3000,2076.528613
3169.635,3000,2076.632239
3164.7373,3000,2079.650265
3153.541,3000,2079.816998
3168.2395,3000,2079.903691
3184.7427,3000,2079.983452
3155.729,3000,2080.658435
3184.9446,3000,2081.530082
3180.0413,3000,2082.207356
3159.6362,3000,2082.212359
3172.247,3000,2082.699786
3163.3413,3000,2082.969081
1001.99365,1046,2083.298168
3177.4392,3000,2083.905106
1291.4916,1326,2084.753197
3165.5405,3000,2086.288193
3173.1362,3000,2087.084276
3178.35,3000,2087.296374
3186.636,3000,2087.422417
3185.0337,3000,2087.521542
3155.6343,3000,2090.273154
3157.5344,3000,2090.35796
3164.3403,3000,2091.091865
3165.8472,3000,2091.874376
3169.4407,3000,2092.461964
3165.9336,3000,2092.466364
3151.7378,3000,2092.884429
3164.8315,3000,2093.143238
911.19446,956,2093.329092
3160.839,3000,2093.461994
3170.8372,3000,2093.975618
3173.249,3000,2094.625314
3171.4302,3000,2095.710053
3157.841,3000,2096.408437
3160.3352,3000,2096.619673
3166.548,3000,2096.733065
3160.0386,3000,2096.827926
3168.3423,3000,2099.357172
3168.5483,3000,2100.008326
2634.112,2596,2100.200446
3178.2444,3000,2100.819356
3166.9458,3000,2101.375455
3159.8345,3000,2101.762888
3163.8306,3000,2101.973498
1844.1793,1837,2102.033807
3166.4377,3000,2102.10383
3153.7458,3000,2102.214379
3160.344,3000,2102.682295
2112.796,2106,2102.713603
235.70059,316,2102.937721
3156.0269,3000,2103.29699
3164.1362,3000,2104.453611
3155.0276,3000,2105.313954
3169.948,3000,2105.766656
372.80106,446,2106.705598
3169.636,3000,2108.667293
3172.7473,3000,2109.381247
3142.6243,3000,2109.546982
3167.5388,3000,2110.148356
3153.0325,3000,2134.249178
3162.2336,3000,2134.647044
3160.4314,3000,2134.864065
3162.0293,3000,2135.001976
3175.6426,3000,2135.123143
3171.939,3000,2135.609475
3183.04,3000,2135.643695
3166.733,3000,2135.880354
3159.4373,3000,2136.232241
3159.8403,3000,2137.396752
3182.4395,3000,2138.404194
3162.2524,3000,2139.286124
3175.144,3000,2141.134557
3179.5464,3000,2141.832227
3176.6428,3000,2142.006645
3180.7412,3000,2142.731073
3168.6406,3000,2143.394701
3175.7417,3000,2143.776522
3167.7378,3000,2143.990947
3173.0515,3000,2144.124321
3171.344,3000,2144.229981
3179.6416,3000,2144.671158
3165.8357,3000,2144.699427
3182.2378,3000,2144.918915
3193.945,3000,2145.255
3177.2434,3000,2146.412976
3178.5344,3000,2147.518297
1280.2886,1296,2147.769506
480.5005,546,2148.127901
3172.8428,3000,2148.527579
3150.7385,3000,2168.879325
3172.3325,3000,2169.527249
3175.1367,3000,2169.674189
3180.937,3000,2170.243332
221.10059,303,2170.546563
3169.7378,3000,2170.895737
3172.9443,3000,2171.382217
3175.7375,3000,2171.829571
1651.4851,1656,2171.889361
3169.9407,3000,2171.980395
3187.1445,3000,2172.526322
3192.1438,3000,2172.559224
3161.2344,3000,2172.833982
3160.9321,3000,2173.345647
3182.9536,3000,2175.548705
1944.479,1926,2175.694404
3187.8447,3000,2175.852796
3175.2336,3000,2176.59076
3167.2349,3000,2178.619477
3178.643,3000,2179.995003
3177.1396,3000,2180.282781
3168.9414,3000,2180.657202
3176.8406,3000,2181.127887
3193.0408,3000,2181.496053
3176.4473,3000,2181.538182
3186.1528,3000,2181.605029
3185.54,3000,2182.064008
3185.6448,3000,2182.091362
3187.8445,3000,2182.316725
3177.6343,3000,2182.679002
3196.1472,3000,2185.153582
3174.6401,3000,2185.270787
3161.9343,3000,2185.406326
3164.4382,3000,2186.037916
1543.9868,1556,2186.774456
833.79504,886,2187.621237
3168.4463,3000,2187.66147
3181.3457,3000,2188.96281
3184.4443,3000,2189.303999
3178.0527,3000,2189.634501
3193.5535,3000,2189.999453
3175.345,3000,2190.352618
3183.937,3000,2190.393749
3165.435,3000,2190.462967
3164.1426,3000,2190.953506
3186.6436,3000,2191.196068
3180.4438,3000,2191.56742
3173.8408,3000,2193.96404
3178.9468,3000,2194.09775
1299.19,1326,2194.354101
3161.3318,3000,2194.773891
3171.8389,3000,2195.590661
3180.0393,3000,2196.443361
3191.35,3000,2196.488813
3147.5415,3000,2198.018875
3179.942,3000,2198.29677
586.1991,647,2198.525379
3164.6382,3000,2198.576313
3193.5505,3000,2198.96261
3194.2495,3000,2199.430939
3178.9404,3000,2199.517198
3187.0474,3000,2200.06982
3186.8408,3000,2200.298115
3182.3447,3000,2200.681766
3172.8337,3000,2225.842724
3166.2354,3000,2225.967616
3176.5493,3000,2226.192453
3181.3423,3000,2226.61042
3192.8481,3000,2227.329954
3182.1406,3000,2228.178056
874.6943,916,2228.702117
460.90057,526,2228.79994
3180.1396,3000,2229.48455
3176.6392,3000,2229.730679
3185.3474,3000,2229.940947
3181.245,3000,2229.996786
3188.149,3000,2230.35658
3167.641,3000,2230.752812
3185.542,3000,2230.820812
3181.245,3000,2231.282521
3170.348,3000,2231.506048
3175.3452,3000,2231.879281
3190.1384,3000,2234.2729
3199.8525,3000,2234.404889
3209.046,3000,2235.051701
3165.5361,3000,2236.784936
3197.0454,3000,2237.4745
3191.7468,3000,2237.583514
149.90016,236,2237.615846
3186.146,3000,2238.302612
3200.15,3000,2238.605546
3185.5469,3000,2238.828878
3184.1426,3000,2238.881737
3189.443,3000,2239.246271
3214.0547,3000,2239.680794
3173.7456,3000,2239.781104
3198.4426,3000,2240.362291
3182.0322,3000,2240.608219
3175.743,3000,2240.984781
3202.5454,3000,2243.382473
3184.9482,3000,2243.532797
3171.0444,3000,2244.297727
2690.7258,2634,2245.695446
3170.9385,3000,2246.592101
3172.241,3000,2246.695823
3178.8408,3000,2247.483529
3169.1372,3000,2247.816967
3177.1472,3000,2248.100372
3193.145,3000,2248.163674
3175.239,3000,2248.622926
3177.5452,3000,2249.067579
3170.5312,3000,2249.133343
3176.7415,3000,2249.628776
3177.7344,3000,2249.866425
3173.54,3000,2250.236931
3193.7468,3000,2371.080401
3166.24,3000,2371.188435
3183.9463,3000,2371.789227
3169.732,3000,2373.111167
2974.037,2907,2373.749176
3198.1396,3000,2374.094821
3170.9414,3000,2374.800622
3173.0483,3000,2375.046073
3189.5469,3000,2375.29583
3184.5386,3000,2375.349935
3183.041,3000,2375.721316
3183.5442,3000,2376.094286
3190.0398,3000,2376.157235
3180.8555,3000,2376.691264
3197.6482,3000,2376.962178
3171.233,3000,2377.374979
1068.2931,1106,2377.994821
3191.6475,3000,2379.643568
3182.9414,3000,2379.782051
3182.6382,3000,2380.513948
3180.3499,3000,2381.740862
3194.4448,3000,2382.444911
3175.2463,3000,2382.814794
3192.055,3000,2383.733719
3182.3481,3000,2383.947544
3204.1484,3000,2383.998882
3191.4521,3000,2384.362203
3191.6477,3000,2384.90154
3182.3384,3000,2384.97886
3183.846,3000,2385.66073
3158.534,3000,2385.908601
3187.329,3000,2386.254017
3189.9414,3000,2386.916199
3175.647,3000,2388.544221
2817.4353,2759,2388.658182
3177.435,3000,2388.68571
3195.1497,3000,2390.574001
3183.9463,3000,2391.293004
3186.4487,3000,2391.686681
